fpr,tpr
0.0,0.0
0.0,0.001152073732718894
0.0,0.002304147465437788
0.0002420135527589545,0.002304147465437788
0.0002420135527589545,0.0034562211981566822
0.000484027105517909,0.0034562211981566822
0.000484027105517909,0.004608294930875576
0.0007260406582768635,0.004608294930875576
0.0007260406582768635,0.00576036866359447
0.000968054211035818,0.00576036866359447
0.000968054211035818,0.0069124423963133645
0.002420135527589545,0.0069124423963133645
0.002420135527589545,0.01152073732718894
0.0026621490803484995,0.01152073732718894
0.0026621490803484995,0.013824884792626729
0.002904162633107454,0.013824884792626729
0.002904162633107454,0.014976958525345621
0.003388189738625363,0.014976958525345621
0.003388189738625363,0.018433179723502304
0.0036302032913843175,0.018433179723502304
0.0036302032913843175,0.019585253456221197
0.003872216844143272,0.019585253456221197
0.003872216844143272,0.02304147465437788
0.004356243949661181,0.02304147465437788
0.004356243949661181,0.024193548387096774
0.005082284607938045,0.024193548387096774
0.005082284607938045,0.02534562211981567
0.005566311713455953,0.02534562211981567
0.005566311713455953,0.026497695852534562
0.005808325266214908,0.026497695852534562
0.005808325266214908,0.02880184331797235
0.006050338818973862,0.02880184331797235
0.006050338818973862,0.03110599078341014
0.006776379477250726,0.03110599078341014
0.006776379477250726,0.03571428571428571
0.007018393030009681,0.03571428571428571
0.007018393030009681,0.03686635944700461
0.007502420135527589,0.03686635944700461
0.007502420135527589,0.04032258064516129
0.007744433688286544,0.04032258064516129
0.007744433688286544,0.041474654377880185
0.007986447241045498,0.041474654377880185
0.007986447241045498,0.04262672811059908
0.008712487899322363,0.04262672811059908
0.008712487899322363,0.04377880184331797
0.008954501452081317,0.04377880184331797
0.008954501452081317,0.05184331797235023
0.009196515004840271,0.05184331797235023
0.009196515004840271,0.056451612903225805
0.009922555663117135,0.056451612903225805
0.009922555663117135,0.0576036866359447
0.01016456921587609,0.0576036866359447
0.01016456921587609,0.06105990783410138
0.011132623426911906,0.06105990783410138
0.011132623426911906,0.06336405529953917
0.012100677637947725,0.06336405529953917
0.012100677637947725,0.06451612903225806
0.012826718296224589,0.06451612903225806
0.012826718296224589,0.06682027649769585
0.013310745401742497,0.06682027649769585
0.013310745401742497,0.07027649769585254
0.013794772507260406,0.07027649769585254
0.013794772507260406,0.07373271889400922
0.014762826718296224,0.07373271889400922
0.014762826718296224,0.0771889400921659
0.015004840271055178,0.0771889400921659
0.015004840271055178,0.08410138248847926
0.016214908034849953,0.08410138248847926
0.016214908034849953,0.08640552995391705
0.016456921587608905,0.08640552995391705
0.016456921587608905,0.08870967741935484
0.01718296224588577,0.08870967741935484
0.01718296224588577,0.08986175115207373
0.017666989351403678,0.08986175115207373
0.017666989351403678,0.09216589861751152
0.018151016456921586,0.09216589861751152
0.018151016456921586,0.09331797235023041
0.018635043562439498,0.09331797235023041
0.018635043562439498,0.0944700460829493
0.01984511132623427,0.0944700460829493
0.01984511132623427,0.0967741935483871
0.02057115198451113,0.0967741935483871
0.02057115198451113,0.09907834101382489
0.02105517909002904,0.09907834101382489
0.02105517909002904,0.10368663594470046
0.021539206195546952,0.10368663594470046
0.021539206195546952,0.10829493087557604
0.02202323330106486,0.10829493087557604
0.02202323330106486,0.11059907834101383
0.023233301064859633,0.11059907834101383
0.023233301064859633,0.11290322580645161
0.023475314617618585,0.11290322580645161
0.023475314617618585,0.11405529953917051
0.02371732817037754,0.11405529953917051
0.02371732817037754,0.1152073732718894
0.023959341723136497,0.1152073732718894
0.023959341723136497,0.11635944700460829
0.024927395934172314,0.11635944700460829
0.024927395934172314,0.11866359447004608
0.02516940948693127,0.11866359447004608
0.02516940948693127,0.11981566820276497
0.025411423039690222,0.11981566820276497
0.025411423039690222,0.12096774193548387
0.025653436592449178,0.12096774193548387
0.025653436592449178,0.12788018433179724
0.02589545014520813,0.12788018433179724
0.02589545014520813,0.13018433179723501
0.026137463697967087,0.13018433179723501
0.026137463697967087,0.1313364055299539
0.02637947725072604,0.1313364055299539
0.02637947725072604,0.13248847926267282
0.027105517909002903,0.13248847926267282
0.027105517909002903,0.1347926267281106
0.027831558567279768,0.1347926267281106
0.027831558567279768,0.13709677419354838
0.030251694094869313,0.13709677419354838
0.030251694094869313,0.1382488479262673
0.03073572120038722,0.1382488479262673
0.03073572120038722,0.14055299539170507
0.03121974830590513,0.14055299539170507
0.03121974830590513,0.14170506912442396
0.03218780251694095,0.14170506912442396
0.03218780251694095,0.14285714285714285
0.03291384317521781,0.14285714285714285
0.03291384317521781,0.14400921658986174
0.03339787028073572,0.14400921658986174
0.03339787028073572,0.14631336405529954
0.03412391093901258,0.14631336405529954
0.03412391093901258,0.14861751152073732
0.03436592449177154,0.14861751152073732
0.03436592449177154,0.1543778801843318
0.03484995159728945,0.1543778801843318
0.03484995159728945,0.15552995391705068
0.0350919651500484,0.15552995391705068
0.0350919651500484,0.1578341013824885
0.035333978702807356,0.1578341013824885
0.035333978702807356,0.15898617511520738
0.03557599225556631,0.15898617511520738
0.03557599225556631,0.16013824884792627
0.03581800580832527,0.16013824884792627
0.03581800580832527,0.16129032258064516
0.036060019361084224,0.16129032258064516
0.036060019361084224,0.16244239631336405
0.03702807357212004,0.16244239631336405
0.03702807357212004,0.16359447004608296
0.037270087124878996,0.16359447004608296
0.037270087124878996,0.16474654377880185
0.037512100677637945,0.16474654377880185
0.037512100677637945,0.16589861751152074
0.03823814133591481,0.16589861751152074
0.03823814133591481,0.16820276497695852
0.04017424975798645,0.16820276497695852
0.04017424975798645,0.1693548387096774
0.0404162633107454,0.1693548387096774
0.0404162633107454,0.1728110599078341
0.04090029041626331,0.1728110599078341
0.04090029041626331,0.173963133640553
0.04138431752178122,0.173963133640553
0.04138431752178122,0.17626728110599077
0.04211035818005808,0.17626728110599077
0.04211035818005808,0.17857142857142858
0.042352371732817036,0.17857142857142858
0.042352371732817036,0.18317972350230416
0.04332042594385285,0.18317972350230416
0.04332042594385285,0.18433179723502305
0.04356243949661181,0.18433179723502305
0.04356243949661181,0.18548387096774194
0.04404646660212972,0.18548387096774194
0.04404646660212972,0.18778801843317972
0.044288480154888676,0.18778801843317972
0.044288480154888676,0.1889400921658986
0.044530493707647625,0.1889400921658986
0.044530493707647625,0.1912442396313364
0.04477250726040658,0.1912442396313364
0.04477250726040658,0.1935483870967742
0.04525653436592449,0.1935483870967742
0.04525653436592449,0.19700460829493088
0.04622458857696031,0.19700460829493088
0.04622458857696031,0.19815668202764977
0.046466602129719266,0.19815668202764977
0.046466602129719266,0.19930875576036866
0.04670861568247822,0.19930875576036866
0.04670861568247822,0.20046082949308755
0.04695062923523717,0.20046082949308755
0.04695062923523717,0.20161290322580644
0.04719264278799613,0.20161290322580644
0.04719264278799613,0.20276497695852536
0.04743465634075508,0.20276497695852536
0.04743465634075508,0.20391705069124424
0.04767666989351404,0.20391705069124424
0.04767666989351404,0.20506912442396313
0.04912875121006777,0.20506912442396313
0.04912875121006777,0.20622119815668202
0.049370764762826716,0.20622119815668202
0.049370764762826716,0.2073732718894009
0.05058083252662149,0.2073732718894009
0.05058083252662149,0.20967741935483872
0.050822846079380445,0.20967741935483872
0.050822846079380445,0.21313364055299538
0.051548886737657305,0.21313364055299538
0.051548886737657305,0.21428571428571427
0.05203291384317522,0.21428571428571427
0.05203291384317522,0.2154377880184332
0.05275895450145208,0.2154377880184332
0.05275895450145208,0.21658986175115208
0.05324298160696999,0.21658986175115208
0.05324298160696999,0.21774193548387097
0.05396902226524685,0.21774193548387097
0.05396902226524685,0.21889400921658986
0.05421103581800581,0.21889400921658986
0.05421103581800581,0.22350230414746544
0.05445304937076476,0.22350230414746544
0.05445304937076476,0.22580645161290322
0.05469506292352372,0.22580645161290322
0.05469506292352372,0.22811059907834103
0.05542110358180058,0.22811059907834103
0.05542110358180058,0.22926267281105991
0.05590513068731849,0.22926267281105991
0.05590513068731849,0.2304147465437788
0.05663117134559535,0.2304147465437788
0.05663117134559535,0.2315668202764977
0.05735721200387222,0.2315668202764977
0.05735721200387222,0.23387096774193547
0.05808325266214908,0.23387096774193547
0.05808325266214908,0.23963133640552994
0.05856727976766699,0.23963133640552994
0.05856727976766699,0.24308755760368664
0.0590513068731849,0.24308755760368664
0.0590513068731849,0.24423963133640553
0.05953533397870281,0.24423963133640553
0.05953533397870281,0.2465437788018433
0.060019361084220714,0.2465437788018433
0.060019361084220714,0.24769585253456222
0.06098741529525654,0.24769585253456222
0.06098741529525654,0.2488479262672811
0.06122942884801549,0.2488479262672811
0.06122942884801549,0.2523041474654378
0.06147144240077444,0.2523041474654378
0.06147144240077444,0.2534562211981567
0.061955469506292354,0.2534562211981567
0.061955469506292354,0.25460829493087556
0.06219748305905131,0.25460829493087556
0.06219748305905131,0.2557603686635945
0.06243949661181026,0.2557603686635945
0.06243949661181026,0.2569124423963134
0.06316553727008713,0.2569124423963134
0.06316553727008713,0.25806451612903225
0.06364956437560504,0.25806451612903225
0.06364956437560504,0.26036866359447003
0.06389157792836399,0.26036866359447003
0.06389157792836399,0.26152073732718895
0.0643756050338819,0.26152073732718895
0.0643756050338819,0.2626728110599078
0.06485963213939981,0.2626728110599078
0.06485963213939981,0.2661290322580645
0.06558567279767667,0.2661290322580645
0.06558567279767667,0.2672811059907834
0.06606969990319458,0.2672811059907834
0.06606969990319458,0.2684331797235023
0.06655372700871248,0.2684331797235023
0.06655372700871248,0.2707373271889401
0.0670377541142304,0.2707373271889401
0.0670377541142304,0.2730414746543779
0.06727976766698936,0.2730414746543779
0.06727976766698936,0.27419354838709675
0.06776379477250725,0.27419354838709675
0.06776379477250725,0.27534562211981567
0.06800580832526622,0.27534562211981567
0.06800580832526622,0.2764976958525346
0.07066795740561471,0.2764976958525346
0.07066795740561471,0.27764976958525345
0.07090997095837367,0.27764976958525345
0.07090997095837367,0.27880184331797236
0.07115198451113262,0.27880184331797236
0.07115198451113262,0.2799539170506912
0.07139399806389157,0.2799539170506912
0.07139399806389157,0.28110599078341014
0.07163601161665054,0.28110599078341014
0.07163601161665054,0.28225806451612906
0.07260406582768635,0.28225806451612906
0.07260406582768635,0.2834101382488479
0.07284607938044531,0.2834101382488479
0.07284607938044531,0.2857142857142857
0.07308809293320426,0.2857142857142857
0.07308809293320426,0.2891705069124424
0.07333010648596322,0.2891705069124424
0.07333010648596322,0.2903225806451613
0.07454017424975799,0.2903225806451613
0.07454017424975799,0.29147465437788017
0.07478218780251694,0.29147465437788017
0.07478218780251694,0.2926267281105991
0.07671829622458858,0.2926267281105991
0.07671829622458858,0.29493087557603687
0.07889641819941917,0.29493087557603687
0.07889641819941917,0.2960829493087558
0.07938044530493708,0.2960829493087558
0.07938044530493708,0.29723502304147464
0.08010648596321394,0.29723502304147464
0.08010648596321394,0.2995391705069124
0.0808325266214908,0.2995391705069124
0.0808325266214908,0.30069124423963134
0.08107454017424975,0.30069124423963134
0.08107454017424975,0.30184331797235026
0.08131655372700872,0.30184331797235026
0.08131655372700872,0.3029953917050691
0.08180058083252661,0.3029953917050691
0.08180058083252661,0.30414746543778803
0.08228460793804453,0.30414746543778803
0.08228460793804453,0.3052995391705069
0.08252662149080349,0.3052995391705069
0.08252662149080349,0.3064516129032258
0.08325266214908035,0.3064516129032258
0.08325266214908035,0.3076036866359447
0.0834946757018393,0.3076036866359447
0.0834946757018393,0.3099078341013825
0.08397870280735721,0.3099078341013825
0.08397870280735721,0.31105990783410137
0.0856727976766699,0.31105990783410137
0.0856727976766699,0.3122119815668203
0.08591481122942884,0.3122119815668203
0.08591481122942884,0.31451612903225806
0.08639883833494676,0.31451612903225806
0.08639883833494676,0.315668202764977
0.0866408518877057,0.315668202764977
0.0866408518877057,0.3191244239631336
0.08712487899322362,0.3191244239631336
0.08712487899322362,0.32027649769585254
0.08785091965150048,0.32027649769585254
0.08785091965150048,0.32142857142857145
0.08809293320425944,0.32142857142857145
0.08809293320425944,0.3225806451612903
0.08857696030977735,0.3225806451612903
0.08857696030977735,0.3248847926267281
0.0888189738625363,0.3248847926267281
0.0888189738625363,0.326036866359447
0.08930300096805421,0.326036866359447
0.08930300096805421,0.3294930875576037
0.09027105517909002,0.3294930875576037
0.09027105517909002,0.33064516129032256
0.09051306873184899,0.33064516129032256
0.09051306873184899,0.3317972350230415
0.09075508228460794,0.3317972350230415
0.09075508228460794,0.33294930875576034
0.0909970958373669,0.33294930875576034
0.0909970958373669,0.33410138248847926
0.09172313649564376,0.33410138248847926
0.09172313649564376,0.33640552995391704
0.09220716360116167,0.33640552995391704
0.09220716360116167,0.33755760368663595
0.09341723136495644,0.33755760368663595
0.09341723136495644,0.3387096774193548
0.0941432720232333,0.3387096774193548
0.0941432720232333,0.33986175115207373
0.09438528557599225,0.33986175115207373
0.09438528557599225,0.34101382488479265
0.09559535333978703,0.34101382488479265
0.09559535333978703,0.3433179723502304
0.09583736689254599,0.3433179723502304
0.09583736689254599,0.3456221198156682
0.09632139399806389,0.3456221198156682
0.09632139399806389,0.3467741935483871
0.0968054211035818,0.3467741935483871
0.0968054211035818,0.347926267281106
0.09728944820909971,0.347926267281106
0.09728944820909971,0.3490783410138249
0.09777347531461762,0.3490783410138249
0.09777347531461762,0.35023041474654376
0.09801548886737657,0.35023041474654376
0.09801548886737657,0.35253456221198154
0.09874152952565343,0.35253456221198154
0.09874152952565343,0.35368663594470046
0.0989835430784124,0.35368663594470046
0.0989835430784124,0.358294930875576
0.09970958373668926,0.358294930875576
0.09970958373668926,0.35944700460829493
0.0999515972894482,0.35944700460829493
0.0999515972894482,0.3617511520737327
0.10043562439496612,0.3617511520737327
0.10043562439496612,0.3640552995391705
0.10116166505324298,0.3640552995391705
0.10116166505324298,0.3686635944700461
0.10140367860600194,0.3686635944700461
0.10140367860600194,0.36981566820276496
0.10309777347531461,0.36981566820276496
0.10309777347531461,0.3709677419354839
0.10454985479186835,0.3709677419354839
0.10454985479186835,0.37327188940092165
0.10503388189738626,0.37327188940092165
0.10503388189738626,0.37672811059907835
0.10600193610842207,0.37672811059907835
0.10600193610842207,0.38018433179723504
0.10672797676669893,0.38018433179723504
0.10672797676669893,0.3824884792626728
0.10721200387221684,0.3824884792626728
0.10721200387221684,0.3859447004608295
0.1074540174249758,0.3859447004608295
0.1074540174249758,0.3870967741935484
0.10769603097773475,0.3870967741935484
0.10769603097773475,0.3882488479262673
0.1079380445304937,0.3882488479262673
0.1079380445304937,0.39055299539170507
0.10939012584704744,0.39055299539170507
0.10939012584704744,0.391705069124424
0.11035818005808325,0.391705069124424
0.11035818005808325,0.39400921658986177
0.11132623426911907,0.39400921658986177
0.11132623426911907,0.3951612903225806
0.11156824782187802,0.3951612903225806
0.11156824782187802,0.39746543778801846
0.11205227492739593,0.39746543778801846
0.11205227492739593,0.3986175115207373
0.1122942884801549,0.3986175115207373
0.1122942884801549,0.39976958525345624
0.11253630203291384,0.39976958525345624
0.11253630203291384,0.4043778801843318
0.11447241045498548,0.4043778801843318
0.11447241045498548,0.4066820276497696
0.11471442400774444,0.4066820276497696
0.11471442400774444,0.4078341013824885
0.11568247821878025,0.4078341013824885
0.11568247821878025,0.40898617511520735
0.11616650532429816,0.40898617511520735
0.11616650532429816,0.41013824884792627
0.11640851887705711,0.41013824884792627
0.11640851887705711,0.41359447004608296
0.11737657308809293,0.41359447004608296
0.11737657308809293,0.4147465437788018
0.11907066795740562,0.4147465437788018
0.11907066795740562,0.41589861751152074
0.11931268151016457,0.41589861751152074
0.11931268151016457,0.41705069124423966
0.12028073572120039,0.41705069124423966
0.12028073572120039,0.4182027649769585
0.12197483059051308,0.4182027649769585
0.12197483059051308,0.41935483870967744
0.12221684414327202,0.41935483870967744
0.12221684414327202,0.4216589861751152
0.12270087124878994,0.4216589861751152
0.12270087124878994,0.4228110599078341
0.12366892545982575,0.4228110599078341
0.12366892545982575,0.423963133640553
0.12391093901258471,0.423963133640553
0.12391093901258471,0.4251152073732719
0.12415295256534366,0.4251152073732719
0.12415295256534366,0.42626728110599077
0.12439496611810262,0.42626728110599077
0.12439496611810262,0.42857142857142855
0.12487899322362052,0.42857142857142855
0.12487899322362052,0.42972350230414746
0.12512100677637947,0.42972350230414746
0.12512100677637947,0.4308755760368664
0.1256050338818974,0.4308755760368664
0.1256050338818974,0.43202764976958524
0.12633107454017425,0.43202764976958524
0.12633107454017425,0.43317972350230416
0.127541142303969,0.43317972350230416
0.127541142303969,0.4377880184331797
0.12899322362052276,0.4377880184331797
0.12899322362052276,0.4400921658986175
0.12947725072604066,0.4400921658986175
0.12947725072604066,0.4412442396313364
0.12971926427879962,0.4412442396313364
0.12971926427879962,0.4435483870967742
0.13020329138431752,0.4435483870967742
0.13020329138431752,0.4447004608294931
0.13068731848983542,0.4447004608294931
0.13068731848983542,0.44585253456221197
0.1318973862536302,0.44585253456221197
0.1318973862536302,0.4470046082949309
0.13286544046466603,0.4470046082949309
0.13286544046466603,0.44815668202764974
0.13310745401742496,0.44815668202764974
0.13310745401742496,0.44930875576036866
0.13383349467570185,0.44930875576036866
0.13383349467570185,0.45161290322580644
0.1340755082284608,0.45161290322580644
0.1340755082284608,0.4539170506912442
0.13528557599225557,0.4539170506912442
0.13528557599225557,0.45506912442396313
0.13576960309777347,0.45506912442396313
0.13576960309777347,0.45852534562211983
0.13649564375605033,0.45852534562211983
0.13649564375605033,0.4596774193548387
0.13697967086156826,0.4596774193548387
0.13697967086156826,0.4608294930875576
0.13794772507260405,0.4608294930875576
0.13794772507260405,0.4665898617511521
0.13818973862536302,0.4665898617511521
0.13818973862536302,0.46889400921658986
0.13843175217812198,0.46889400921658986
0.13843175217812198,0.4700460829493088
0.1398838334946757,0.4700460829493088
0.1398838334946757,0.47119815668202764
0.14012584704743467,0.47119815668202764
0.14012584704743467,0.47235023041474655
0.14085188770571153,0.47235023041474655
0.14085188770571153,0.47465437788018433
0.14109390125847046,0.47465437788018433
0.14109390125847046,0.47580645161290325
0.14133591481122942,0.47580645161290325
0.14133591481122942,0.4769585253456221
0.14206195546950628,0.4769585253456221
0.14206195546950628,0.478110599078341
0.1430300096805421,0.478110599078341
0.1430300096805421,0.4804147465437788
0.14351403678606,0.4804147465437788
0.14351403678606,0.4861751152073733
0.14375605033881897,0.4861751152073733
0.14375605033881897,0.48847926267281105
0.1442400774443369,0.48847926267281105
0.1442400774443369,0.48963133640552997
0.1447241045498548,0.48963133640552997
0.1447241045498548,0.49078341013824883
0.1452081316553727,0.49078341013824883
0.1452081316553727,0.49193548387096775
0.14593417231364955,0.49193548387096775
0.14593417231364955,0.4930875576036866
0.14714424007744434,0.4930875576036866
0.14714424007744434,0.49539170506912444
0.14811229428848016,0.49539170506912444
0.14811229428848016,0.4965437788018433
0.14980638915779285,0.4965437788018433
0.14980638915779285,0.4988479262672811
0.15029041626331074,0.4988479262672811
0.15029041626331074,0.5011520737327189
0.1505324298160697,0.5011520737327189
0.1505324298160697,0.5034562211981567
0.1510164569215876,0.5034562211981567
0.1510164569215876,0.5057603686635944
0.15246853823814133,0.5057603686635944
0.15246853823814133,0.5069124423963134
0.15295256534365925,0.5069124423963134
0.15295256534365925,0.5092165898617511
0.1531945788964182,0.5092165898617511
0.1531945788964182,0.5103686635944701
0.15440464666021297,0.5103686635944701
0.15440464666021297,0.5126728110599078
0.1553727008712488,0.5126728110599078
0.1553727008712488,0.5138248847926268
0.1558567279767667,0.5138248847926268
0.1558567279767667,0.5149769585253456
0.15658276863504356,0.5149769585253456
0.15658276863504356,0.5172811059907834
0.15755082284607938,0.5172811059907834
0.15755082284607938,0.5184331797235023
0.15779283639883834,0.5184331797235023
0.15779283639883834,0.5195852534562212
0.1585188770571152,0.5195852534562212
0.1585188770571152,0.5207373271889401
0.15876089060987417,0.5207373271889401
0.15876089060987417,0.521889400921659
0.15924491771539206,0.521889400921659
0.15924491771539206,0.5230414746543779
0.15948693126815103,0.5230414746543779
0.15948693126815103,0.5241935483870968
0.15997095837366893,0.5241935483870968
0.15997095837366893,0.5253456221198156
0.1602129719264279,0.5253456221198156
0.1602129719264279,0.5299539170506913
0.16118102613746368,0.5299539170506913
0.16118102613746368,0.5311059907834101
0.1621490803484995,0.5311059907834101
0.1621490803484995,0.533410138248848
0.16408518877057116,0.533410138248848
0.16408518877057116,0.5345622119815668
0.16577928363988384,0.5345622119815668
0.16577928363988384,0.5357142857142857
0.16723136495643756,0.5357142857142857
0.16723136495643756,0.5391705069124424
0.16747337850919652,0.5391705069124424
0.16747337850919652,0.5403225806451613
0.16795740561471442,0.5403225806451613
0.16795740561471442,0.5414746543778802
0.16844143272023232,0.5414746543778802
0.16844143272023232,0.5426267281105991
0.1691674733785092,0.5426267281105991
0.1691674733785092,0.543778801843318
0.1718296224588577,0.543778801843318
0.1718296224588577,0.5460829493087558
0.17303969022265248,0.5460829493087558
0.17303969022265248,0.5472350230414746
0.1732817037754114,0.5472350230414746
0.1732817037754114,0.5483870967741935
0.1744917715392062,0.5483870967741935
0.1744917715392062,0.5495391705069125
0.17618586640851888,0.5495391705069125
0.17618586640851888,0.5518433179723502
0.17666989351403678,0.5518433179723502
0.17666989351403678,0.554147465437788
0.17739593417231364,0.554147465437788
0.17739593417231364,0.5564516129032258
0.17787996127783157,0.5564516129032258
0.17787996127783157,0.5576036866359447
0.17981606969990319,0.5576036866359447
0.17981606969990319,0.5599078341013825
0.18005808325266215,0.5599078341013825
0.18005808325266215,0.5622119815668203
0.1803000968054211,0.5622119815668203
0.1803000968054211,0.5633640552995391
0.18102613746369797,0.5633640552995391
0.18102613746369797,0.5645161290322581
0.18175217812197483,0.5645161290322581
0.18175217812197483,0.565668202764977
0.1824782187802517,0.565668202764977
0.1824782187802517,0.5668202764976958
0.18320425943852855,0.5668202764976958
0.18320425943852855,0.5679723502304147
0.18417231364956438,0.5679723502304147
0.18417231364956438,0.5702764976958525
0.18465634075508228,0.5702764976958525
0.18465634075508228,0.5714285714285714
0.1851403678606002,0.5714285714285714
0.1851403678606002,0.5725806451612904
0.18586640851887706,0.5725806451612904
0.18586640851887706,0.5737327188940092
0.18659244917715392,0.5737327188940092
0.18659244917715392,0.5748847926267281
0.1882865440464666,0.5748847926267281
0.1882865440464666,0.576036866359447
0.1887705711519845,0.576036866359447
0.1887705711519845,0.5771889400921659
0.19119070667957405,0.5771889400921659
0.19119070667957405,0.5783410138248848
0.19288480154888674,0.5783410138248848
0.19288480154888674,0.5794930875576036
0.19336882865440463,0.5794930875576036
0.19336882865440463,0.5841013824884793
0.1936108422071636,0.5841013824884793
0.1936108422071636,0.5852534562211982
0.19385285575992256,0.5852534562211982
0.19385285575992256,0.586405529953917
0.19578896418199418,0.586405529953917
0.19578896418199418,0.5875576036866359
0.19675701839303,0.5875576036866359
0.19675701839303,0.5887096774193549
0.19699903194578897,0.5887096774193549
0.19699903194578897,0.5921658986175116
0.19748305905130686,0.5921658986175116
0.19748305905130686,0.5933179723502304
0.1979670861568248,0.5933179723502304
0.1979670861568248,0.5944700460829493
0.2015972894482091,0.5944700460829493
0.2015972894482091,0.5956221198156681
0.20280735721200388,0.5956221198156681
0.20280735721200388,0.597926267281106
0.20329138431752178,0.597926267281106
0.20329138431752178,0.5990783410138248
0.20522749273959343,0.5990783410138248
0.20522749273959343,0.6002304147465438
0.20546950629235236,0.6002304147465438
0.20546950629235236,0.6013824884792627
0.20716360116166505,0.6013824884792627
0.20716360116166505,0.6025345622119815
0.20764762826718297,0.6025345622119815
0.20764762826718297,0.6036866359447005
0.20885769603097773,0.6036866359447005
0.20885769603097773,0.6059907834101382
0.20982575024201355,0.6059907834101382
0.20982575024201355,0.6071428571428571
0.21079380445304938,0.6071428571428571
0.21079380445304938,0.6082949308755761
0.2122458857696031,0.6082949308755761
0.2122458857696031,0.6105990783410138
0.21321393998063892,0.6105990783410138
0.21321393998063892,0.6117511520737328
0.2153920619554695,0.6117511520737328
0.2153920619554695,0.6129032258064516
0.21878025169409487,0.6129032258064516
0.21878025169409487,0.6140552995391705
0.21902226524685384,0.6140552995391705
0.21902226524685384,0.6163594470046083
0.2202323330106486,0.6163594470046083
0.2202323330106486,0.6175115207373272
0.22168441432720232,0.6175115207373272
0.22168441432720232,0.618663594470046
0.22265246853823814,0.618663594470046
0.22265246853823814,0.619815668202765
0.2228944820909971,0.619815668202765
0.2228944820909971,0.6209677419354839
0.22483059051306872,0.6209677419354839
0.22483059051306872,0.6221198156682027
0.2265246853823814,0.6221198156682027
0.2265246853823814,0.6232718894009217
0.22749273959341723,0.6232718894009217
0.22749273959341723,0.6244239631336406
0.228702807357212,0.6244239631336406
0.228702807357212,0.6267281105990783
0.2296708615682478,0.6267281105990783
0.2296708615682478,0.6290322580645161
0.2313649564375605,0.6290322580645161
0.2313649564375605,0.631336405529954
0.23330106485963215,0.631336405529954
0.23330106485963215,0.6324884792626728
0.23378509196515004,0.6324884792626728
0.23378509196515004,0.6336405529953917
0.2357212003872217,0.6336405529953917
0.2357212003872217,0.6347926267281107
0.23644724104549855,0.6347926267281107
0.23644724104549855,0.6359447004608295
0.23814133591481124,0.6359447004608295
0.23814133591481124,0.6370967741935484
0.24128751210067764,0.6370967741935484
0.24128751210067764,0.6405529953917051
0.24273959341723136,0.6405529953917051
0.24273959341723136,0.6417050691244239
0.24298160696999033,0.6417050691244239
0.24298160696999033,0.6428571428571429
0.24588576960309777,0.6428571428571429
0.24588576960309777,0.6440092165898618
0.24612778315585673,0.6440092165898618
0.24612778315585673,0.6463133640552995
0.24903194578896418,0.6463133640552995
0.24903194578896418,0.6474654377880185
0.24927395934172314,0.6474654377880185
0.24927395934172314,0.6486175115207373
0.2495159728944821,0.6486175115207373
0.2495159728944821,0.6497695852534562
0.2504840271055179,0.6497695852534562
0.2504840271055179,0.652073732718894
0.2524201355275895,0.652073732718894
0.2524201355275895,0.6532258064516129
0.25435624394966116,0.6532258064516129
0.25435624394966116,0.6543778801843319
0.25556631171345595,0.6543778801843319
0.25556631171345595,0.6555299539170507
0.2572604065827686,0.6555299539170507
0.2572604065827686,0.6566820276497696
0.2584704743465634,0.6566820276497696
0.2584704743465634,0.6578341013824884
0.2596805421103582,0.6578341013824884
0.2596805421103582,0.6589861751152074
0.2599225556631171,0.6589861751152074
0.2599225556631171,0.6601382488479263
0.26137463697967084,0.6601382488479263
0.26137463697967084,0.6612903225806451
0.2633107454017425,0.6612903225806451
0.2633107454017425,0.6658986175115207
0.26403678606001935,0.6658986175115207
0.26403678606001935,0.6670506912442397
0.26452081316553727,0.6670506912442397
0.26452081316553727,0.6682027649769585
0.2650048402710552,0.6682027649769585
0.2650048402710552,0.6693548387096774
0.2681510164569216,0.6693548387096774
0.2681510164569216,0.6705069124423964
0.2698451113262343,0.6705069124423964
0.2698451113262343,0.6716589861751152
0.27032913843175216,0.6716589861751152
0.27032913843175216,0.6728110599078341
0.271297192642788,0.6728110599078341
0.271297192642788,0.673963133640553
0.27323330106485966,0.673963133640553
0.27323330106485966,0.6751152073732719
0.27420135527589545,0.6751152073732719
0.27420135527589545,0.6774193548387096
0.27541142303969024,0.6774193548387096
0.27541142303969024,0.6785714285714286
0.2836398838334947,0.6785714285714286
0.2836398838334947,0.6797235023041475
0.28412391093901257,0.6797235023041475
0.28412391093901257,0.6808755760368663
0.2846079380445305,0.6808755760368663
0.2846079380445305,0.6820276497695853
0.2858180058083253,0.6820276497695853
0.2858180058083253,0.6831797235023042
0.28630203291384315,0.6831797235023042
0.28630203291384315,0.684331797235023
0.28702807357212,0.684331797235023
0.28702807357212,0.6854838709677419
0.28799612778315586,0.6854838709677419
0.28799612778315586,0.6866359447004609
0.2882381413359148,0.6866359447004609
0.2882381413359148,0.6877880184331797
0.2894482090997096,0.6877880184331797
0.2894482090997096,0.6889400921658986
0.2899322362052275,0.6889400921658986
0.2899322362052275,0.6900921658986175
0.2921103581800581,0.6900921658986175
0.2921103581800581,0.6912442396313364
0.2947725072604066,0.6912442396313364
0.2947725072604066,0.6923963133640553
0.2971926427879961,0.6923963133640553
0.2971926427879961,0.6935483870967742
0.297918683446273,0.6935483870967742
0.297918683446273,0.6947004608294931
0.30324298160697,0.6947004608294931
0.30324298160697,0.695852534562212
0.30614714424007744,0.695852534562212
0.30614714424007744,0.6970046082949308
0.30711519845111324,0.6970046082949308
0.30711519845111324,0.6981566820276498
0.3080832526621491,0.6981566820276498
0.3080832526621491,0.7004608294930875
0.3095353339787028,0.7004608294930875
0.3095353339787028,0.7016129032258065
0.31848983543078413,0.7016129032258065
0.31848983543078413,0.7027649769585254
0.31873184898354306,0.7027649769585254
0.31873184898354306,0.7039170506912442
0.3196999031945789,0.7039170506912442
0.3196999031945789,0.706221198156682
0.3228460793804453,0.706221198156682
0.3228460793804453,0.7073732718894009
0.32623426911907066,0.7073732718894009
0.32623426911907066,0.7085253456221198
0.3291384317521781,0.7085253456221198
0.3291384317521781,0.7096774193548387
0.33204259438528555,0.7096774193548387
0.33204259438528555,0.7108294930875576
0.33228460793804454,0.7108294930875576
0.33228460793804454,0.7119815668202765
0.33325266214908034,0.7119815668202765
0.33325266214908034,0.7131336405529954
0.3334946757018393,0.7131336405529954
0.3334946757018393,0.7142857142857143
0.3342207163601162,0.7142857142857143
0.3342207163601162,0.7154377880184332
0.3356727976766699,0.7154377880184332
0.3356727976766699,0.716589861751152
0.33591481122942884,0.716589861751152
0.33591481122942884,0.717741935483871
0.3383349467570184,0.717741935483871
0.3383349467570184,0.7188940092165899
0.33954501452081315,0.7188940092165899
0.33954501452081315,0.7200460829493087
0.34341723136495644,0.7200460829493087
0.34341723136495644,0.7211981566820277
0.3436592449177154,0.7211981566820277
0.3436592449177154,0.7223502304147466
0.34438528557599224,0.7223502304147466
0.34438528557599224,0.7235023041474654
0.3465634075508228,0.7235023041474654
0.3465634075508228,0.7246543778801844
0.3480154888673766,0.7246543778801844
0.3480154888673766,0.7258064516129032
0.34849951597289447,0.7258064516129032
0.34849951597289447,0.7269585253456221
0.3504356243949661,0.7269585253456221
0.3504356243949661,0.728110599078341
0.3514036786060019,0.728110599078341
0.3514036786060019,0.7292626728110599
0.3516456921587609,0.7292626728110599
0.3516456921587609,0.7304147465437788
0.3521297192642788,0.7304147465437788
0.3521297192642788,0.7327188940092166
0.35333978702807356,0.7327188940092166
0.35333978702807356,0.7338709677419355
0.35503388189738627,0.7338709677419355
0.35503388189738627,0.7350230414746544
0.35721200387221685,0.7350230414746544
0.35721200387221685,0.7361751152073732
0.3579380445304937,0.7361751152073732
0.3579380445304937,0.7373271889400922
0.35818005808325265,0.7373271889400922
0.35818005808325265,0.738479262672811
0.3589060987415295,0.738479262672811
0.3589060987415295,0.7396313364055299
0.3676185866408519,0.7396313364055299
0.3676185866408519,0.7407834101382489
0.3712487899322362,0.7407834101382489
0.3712487899322362,0.7419354838709677
0.37850919651500486,0.7419354838709677
0.37850919651500486,0.7430875576036866
0.3811713455953533,0.7430875576036866
0.3811713455953533,0.7442396313364056
0.38334946757018395,0.7442396313364056
0.38334946757018395,0.7453917050691244
0.38528557599225555,0.7453917050691244
0.38528557599225555,0.7465437788018433
0.3860116166505324,0.7465437788018433
0.3860116166505324,0.7476958525345622
0.3862536302032914,0.7476958525345622
0.3862536302032914,0.7488479262672811
0.38649564375605033,0.7488479262672811
0.38649564375605033,0.75
0.3889157792836399,0.75
0.3889157792836399,0.7511520737327189
0.3910939012584705,0.7511520737327189
0.3910939012584705,0.7534562211981567
0.3925459825750242,0.7534562211981567
0.3925459825750242,0.7557603686635944
0.39278799612778315,0.7557603686635944
0.39278799612778315,0.7569124423963134
0.39496611810261373,0.7569124423963134
0.39496611810261373,0.7580645161290323
0.39811229428848016,0.7580645161290323
0.39811229428848016,0.7592165898617511
0.39908034849951596,0.7592165898617511
0.39908034849951596,0.7603686635944701
0.4000484027105518,0.7603686635944701
0.4000484027105518,0.761520737327189
0.4019845111326234,0.761520737327189
0.4019845111326234,0.7626728110599078
0.40561471442400776,0.7626728110599078
0.40561471442400776,0.7638248847926268
0.4058567279767667,0.7638248847926268
0.4058567279767667,0.7649769585253456
0.41045498547918685,0.7649769585253456
0.41045498547918685,0.7661290322580645
0.4119070667957406,0.7661290322580645
0.4119070667957406,0.7672811059907834
0.41263310745401743,0.7672811059907834
0.41263310745401743,0.7707373271889401
0.41287512100677637,0.7707373271889401
0.41287512100677637,0.771889400921659
0.414811229428848,0.771889400921659
0.414811229428848,0.7730414746543779
0.4155372700871249,0.7730414746543779
0.4155372700871249,0.7741935483870968
0.41626331074540174,0.7741935483870968
0.41626331074540174,0.7753456221198156
0.4186834462729913,0.7753456221198156
0.4186834462729913,0.7764976958525346
0.4196515004840271,0.7764976958525346
0.4196515004840271,0.7776497695852534
0.42013552758954503,0.7776497695852534
0.42013552758954503,0.7788018433179723
0.4218296224588577,0.7788018433179723
0.4218296224588577,0.7811059907834101
0.42400774443368827,0.7811059907834101
0.42400774443368827,0.782258064516129
0.4249757986447241,0.782258064516129
0.4249757986447241,0.783410138248848
0.4295740561471442,0.783410138248848
0.4295740561471442,0.7845622119815668
0.4334462729912875,0.7845622119815668
0.4334462729912875,0.7857142857142857
0.43368828654404645,0.7857142857142857
0.43368828654404645,0.7868663594470046
0.43756050338818975,0.7868663594470046
0.43756050338818975,0.7880184331797235
0.44336882865440463,0.7880184331797235
0.44336882865440463,0.7891705069124424
0.4440948693126815,0.7891705069124424
0.4440948693126815,0.7903225806451613
0.44651500484027107,0.7903225806451613
0.44651500484027107,0.7914746543778802
0.4482090997095837,0.7914746543778802
0.4482090997095837,0.7926267281105991
0.44966118102613745,0.7926267281105991
0.44966118102613745,0.793778801843318
0.45232333010648595,0.793778801843318
0.45232333010648595,0.7949308755760369
0.4542594385285576,0.7949308755760369
0.4542594385285576,0.7960829493087558
0.45982575024201355,0.7960829493087558
0.45982575024201355,0.7972350230414746
0.4653920619554695,0.7972350230414746
0.4653920619554695,0.7983870967741935
0.46587608906098743,0.7983870967741935
0.46587608906098743,0.7995391705069125
0.4690222652468538,0.7995391705069125
0.4690222652468538,0.8006912442396313
0.4714424007744434,0.8006912442396313
0.4714424007744434,0.8018433179723502
0.4753146176185866,0.8018433179723502
0.4753146176185866,0.8029953917050692
0.47579864472410455,0.8029953917050692
0.47579864472410455,0.804147465437788
0.4765246853823814,0.804147465437788
0.4765246853823814,0.8052995391705069
0.4801548886737657,0.8052995391705069
0.4801548886737657,0.8064516129032258
0.48209099709583736,0.8064516129032258
0.48209099709583736,0.8076036866359447
0.484027105517909,0.8076036866359447
0.484027105517909,0.8087557603686636
0.4871732817037754,0.8087557603686636
0.4871732817037754,0.8099078341013825
0.4876573088092933,0.8099078341013825
0.4876573088092933,0.8122119815668203
0.48838334946757017,0.8122119815668203
0.48838334946757017,0.8133640552995391
0.4898354307841239,0.8133640552995391
0.4898354307841239,0.815668202764977
0.4900774443368829,0.815668202764977
0.4900774443368829,0.8168202764976958
0.4910454985479187,0.8168202764976958
0.4910454985479187,0.8179723502304147
0.494917715392062,0.8179723502304147
0.494917715392062,0.8202764976958525
0.4973378509196515,0.8202764976958525
0.4973378509196515,0.8214285714285714
0.49806389157792835,0.8214285714285714
0.49806389157792835,0.8225806451612904
0.5,0.8225806451612904
0.5,0.8237327188940092
0.5087124878993223,0.8237327188940092
0.5087124878993223,0.8248847926267281
0.5116166505324298,0.8248847926267281
0.5116166505324298,0.8271889400921659
0.5118586640851888,0.8271889400921659
0.5118586640851888,0.8283410138248848
0.5125847047434656,0.8283410138248848
0.5125847047434656,0.8294930875576036
0.5142787996127783,0.8294930875576036
0.5142787996127783,0.8306451612903226
0.5147628267182962,0.8306451612903226
0.5147628267182962,0.8317972350230415
0.5174249757986448,0.8317972350230415
0.5174249757986448,0.8329493087557603
0.5181510164569216,0.8329493087557603
0.5181510164569216,0.8341013824884793
0.5227492739593417,0.8341013824884793
0.5227492739593417,0.8352534562211982
0.5251694094869312,0.8352534562211982
0.5251694094869312,0.836405529953917
0.5263794772507261,0.836405529953917
0.5263794772507261,0.8375576036866359
0.5278315585672798,0.8375576036866359
0.5278315585672798,0.8387096774193549
0.5302516940948693,0.8387096774193549
0.5302516940948693,0.8398617511520737
0.5331558567279767,0.8398617511520737
0.5331558567279767,0.8410138248847926
0.5409002904162633,0.8410138248847926
0.5409002904162633,0.8421658986175116
0.5435624394966118,0.8421658986175116
0.5435624394966118,0.8433179723502304
0.5462245885769603,0.8433179723502304
0.5462245885769603,0.8444700460829493
0.5471926427879962,0.8444700460829493
0.5471926427879962,0.8456221198156681
0.5505808325266215,0.8456221198156681
0.5505808325266215,0.847926267281106
0.5530009680542111,0.847926267281106
0.5530009680542111,0.8490783410138248
0.5532429816069699,0.8490783410138248
0.5532429816069699,0.8502304147465438
0.5554211035818006,0.8502304147465438
0.5554211035818006,0.8513824884792627
0.5571151984511132,0.8513824884792627
0.5571151984511132,0.8525345622119815
0.5580832526621491,0.8525345622119815
0.5580832526621491,0.8548387096774194
0.5597773475314618,0.8548387096774194
0.5597773475314618,0.8559907834101382
0.563891577928364,0.8559907834101382
0.563891577928364,0.8571428571428571
0.5730880929332043,0.8571428571428571
0.5730880929332043,0.8582949308755761
0.574540174249758,0.8582949308755761
0.574540174249758,0.8594470046082949
0.5815585672797676,0.8594470046082949
0.5815585672797676,0.8605990783410138
0.5842207163601162,0.8605990783410138
0.5842207163601162,0.8617511520737328
0.584946757018393,0.8617511520737328
0.584946757018393,0.8629032258064516
0.5868828654404646,0.8629032258064516
0.5868828654404646,0.8640552995391705
0.5876089060987415,0.8640552995391705
0.5876089060987415,0.8652073732718893
0.5931752178121975,0.8652073732718893
0.5931752178121975,0.8663594470046083
0.6006776379477251,0.8663594470046083
0.6006776379477251,0.8675115207373272
0.6018877057115198,0.8675115207373272
0.6018877057115198,0.868663594470046
0.6052758954501453,0.868663594470046
0.6052758954501453,0.869815668202765
0.6055179090029041,0.869815668202765
0.6055179090029041,0.8709677419354839
0.606243949661181,0.8709677419354839
0.606243949661181,0.8721198156682027
0.6093901258470474,0.8721198156682027
0.6093901258470474,0.8732718894009217
0.611568247821878,0.8732718894009217
0.611568247821878,0.8744239631336406
0.6137463697967086,0.8744239631336406
0.6137463697967086,0.8755760368663594
0.6164085188770572,0.8755760368663594
0.6164085188770572,0.8767281105990783
0.6285091965150048,0.8767281105990783
0.6285091965150048,0.8778801843317973
0.6321393998063891,0.8778801843317973
0.6321393998063891,0.8790322580645161
0.6364956437560504,0.8790322580645161
0.6364956437560504,0.880184331797235
0.6379477250726041,0.880184331797235
0.6379477250726041,0.881336405529954
0.6401258470474347,0.881336405529954
0.6401258470474347,0.8824884792626728
0.6423039690222653,0.8824884792626728
0.6423039690222653,0.8847926267281107
0.6430300096805421,0.8847926267281107
0.6430300096805421,0.8870967741935484
0.6478702807357212,0.8870967741935484
0.6478702807357212,0.8882488479262672
0.6481122942884802,0.8882488479262672
0.6481122942884802,0.8894009216589862
0.6529525653436592,0.8894009216589862
0.6529525653436592,0.8905529953917051
0.6553727008712488,0.8905529953917051
0.6553727008712488,0.8940092165898618
0.6590029041626331,0.8940092165898618
0.6590029041626331,0.8951612903225806
0.6616650532429816,0.8951612903225806
0.6616650532429816,0.8963133640552995
0.6640851887705711,0.8963133640552995
0.6640851887705711,0.8986175115207373
0.6698935140367861,0.8986175115207373
0.6698935140367861,0.8997695852534562
0.670135527589545,0.8997695852534562
0.670135527589545,0.9009216589861752
0.6773959341723137,0.9009216589861752
0.6773959341723137,0.902073732718894
0.6788480154888674,0.902073732718894
0.6788480154888674,0.9032258064516129
0.680784123910939,0.9032258064516129
0.680784123910939,0.9043778801843319
0.6827202323330106,0.9043778801843319
0.6827202323330106,0.9055299539170507
0.6902226524685382,0.9055299539170507
0.6902226524685382,0.9066820276497696
0.6907066795740562,0.9066820276497696
0.6907066795740562,0.9078341013824884
0.6921587608906099,0.9078341013824884
0.6921587608906099,0.9089861751152074
0.6955469506292352,0.9089861751152074
0.6955469506292352,0.9101382488479263
0.6969990319457889,0.9101382488479263
0.6969990319457889,0.9112903225806451
0.7006292352371732,0.9112903225806451
0.7006292352371732,0.9124423963133641
0.7015972894482091,0.9124423963133641
0.7015972894482091,0.913594470046083
0.7115198451113263,0.913594470046083
0.7115198451113263,0.9158986175115207
0.7144240077444337,0.9158986175115207
0.7144240077444337,0.9170506912442397
0.7158760890609874,0.9170506912442397
0.7158760890609874,0.9182027649769585
0.7187802516940949,0.9182027649769585
0.7187802516940949,0.9205069124423964
0.7190222652468539,0.9205069124423964
0.7190222652468539,0.9216589861751152
0.7207163601161665,0.9216589861751152
0.7207163601161665,0.9228110599078341
0.723136495643756,0.9228110599078341
0.723136495643756,0.923963133640553
0.7236205227492739,0.923963133640553
0.7236205227492739,0.9251152073732719
0.7267666989351403,0.9251152073732719
0.7267666989351403,0.9262672811059908
0.7369312681510165,0.9262672811059908
0.7369312681510165,0.9274193548387096
0.7376573088092934,0.9274193548387096
0.7376573088092934,0.9285714285714286
0.7388673765730881,0.9285714285714286
0.7388673765730881,0.9297235023041475
0.7420135527589545,0.9297235023041475
0.7420135527589545,0.9308755760368663
0.7427395934172314,0.9308755760368663
0.7427395934172314,0.9320276497695853
0.7437076476282671,0.9320276497695853
0.7437076476282671,0.9331797235023042
0.7490319457889641,0.9331797235023042
0.7490319457889641,0.934331797235023
0.7507260406582769,0.934331797235023
0.7507260406582769,0.9354838709677419
0.7524201355275896,0.9354838709677419
0.7524201355275896,0.9366359447004609
0.755324298160697,0.9366359447004609
0.755324298160697,0.9377880184331797
0.7558083252662149,0.9377880184331797
0.7558083252662149,0.9389400921658986
0.7635527589545015,0.9389400921658986
0.7635527589545015,0.9400921658986175
0.7664569215876089,0.9400921658986175
0.7664569215876089,0.9412442396313364
0.7698451113262342,0.9412442396313364
0.7698451113262342,0.9423963133640553
0.7703291384317522,0.9423963133640553
0.7703291384317522,0.9435483870967742
0.7807357212003873,0.9435483870967742
0.7807357212003873,0.9447004608294931
0.7899322362052275,0.9447004608294931
0.7899322362052275,0.945852534562212
0.7942884801548886,0.945852534562212
0.7942884801548886,0.9470046082949308
0.7957405614714425,0.9470046082949308
0.7957405614714425,0.9481566820276498
0.797676669893514,0.9481566820276498
0.797676669893514,0.9493087557603687
0.8003388189738625,0.9493087557603687
0.8003388189738625,0.9504608294930875
0.808809293320426,0.9504608294930875
0.808809293320426,0.9516129032258065
0.8230880929332043,0.9516129032258065
0.8230880929332043,0.9527649769585254
0.8252662149080349,0.9527649769585254
0.8252662149080349,0.9539170506912442
0.829864472410455,0.9539170506912442
0.829864472410455,0.9550691244239631
0.8301064859632139,0.9550691244239631
0.8301064859632139,0.956221198156682
0.8409970958373669,0.956221198156682
0.8409970958373669,0.9573732718894009
0.845837366892546,0.9573732718894009
0.845837366892546,0.9585253456221198
0.8492255566311714,0.9585253456221198
0.8492255566311714,0.9596774193548387
0.850919651500484,0.9596774193548387
0.850919651500484,0.9608294930875576
0.8598741529525653,0.9608294930875576
0.8598741529525653,0.9619815668202765
0.8622942884801549,0.9619815668202765
0.8622942884801549,0.9631336405529954
0.8705227492739593,0.9631336405529954
0.8705227492739593,0.9654377880184332
0.8809293320425944,0.9654377880184332
0.8809293320425944,0.966589861751152
0.8818973862536302,0.966589861751152
0.8818973862536302,0.967741935483871
0.8826234269119071,0.967741935483871
0.8826234269119071,0.9688940092165899
0.8850435624394967,0.9688940092165899
0.8850435624394967,0.9700460829493087
0.8877057115198451,0.9700460829493087
0.8877057115198451,0.9711981566820277
0.8906098741529526,0.9711981566820277
0.8906098741529526,0.9723502304147466
0.8976282671829623,0.9723502304147466
0.8976282671829623,0.9735023041474654
0.898838334946757,0.9735023041474654
0.898838334946757,0.9746543778801844
0.899080348499516,0.9746543778801844
0.899080348499516,0.9758064516129032
0.8995643756050339,0.9758064516129032
0.8995643756050339,0.9769585253456221
0.9019845111326235,0.9769585253456221
0.9019845111326235,0.978110599078341
0.9060987415295256,0.978110599078341
0.9060987415295256,0.9792626728110599
0.9167473378509197,0.9792626728110599
0.9167473378509197,0.9804147465437788
0.9172313649564375,0.9804147465437788
0.9172313649564375,0.9815668202764977
0.920377541142304,0.9815668202764977
0.920377541142304,0.9827188940092166
0.9249757986447241,0.9827188940092166
0.9249757986447241,0.9838709677419355
0.9332042594385286,0.9838709677419355
0.9332042594385286,0.9850230414746544
0.9351403678606002,0.9850230414746544
0.9351403678606002,0.9861751152073732
0.9404646660212972,0.9861751152073732
0.9404646660212972,0.9873271889400922
0.9424007744433688,0.9873271889400922
0.9424007744433688,0.988479262672811
0.9511132623426912,0.988479262672811
0.9511132623426912,0.9896313364055299
0.9590997095837367,0.9896313364055299
0.9590997095837367,0.9907834101382489
0.9661181026137464,0.9907834101382489
0.9661181026137464,0.9919354838709677
0.9687802516940949,0.9919354838709677
0.9687802516940949,0.9930875576036866
0.9714424007744433,0.9930875576036866
0.9714424007744433,0.9942396313364056
0.972894482090997,0.9942396313364056
0.972894482090997,0.9953917050691244
0.9801548886737658,0.9953917050691244
0.9801548886737658,0.9965437788018433
0.9803969022265246,0.9965437788018433
0.9803969022265246,0.9976958525345622
0.989351403678606,0.9976958525345622
0.989351403678606,0.9988479262672811
0.9915295256534365,0.9988479262672811
0.9915295256534365,1.0
1.0,1.0
